subtype,VE,lowerCI,upperCI,country
B,0.5764598906179321,0.4952455191259316,0.6428812264554791,Canada
H1N1,0.7298148759627644,0.6189379912587586,0.803555099288572,Canada
H3N2,0.3350624367024352,0.21180777525559447,0.43991847856211985,Canada
B,0.6478342562457037,0.46110662069850383,0.7664801376853572,Australia
H1N1,0.6820196753492229,0.5561038347221299,0.7787624328019769,Australia
H3N2,0.2760823036805238,-0.05936804800615625,0.5048301197412739,Australia
